sl_no,task_id,equipment_Id
1,ve-d-1,5
2,ve-d-1,6
3,ve-d-2,5
4,ve-d-2,6
5,ve-d-3,5
6,ve-d-3,6
7,ve-d-4,5
8,ve-d-4,6
9,ve-w-1,5
10,ve-w-1,6
11,ve-w-2,5
12,ve-w-2,6
13,ve-e-1,5
14,ve-e-1,6
15,ve-m-1,5
16,ve-m-1,6
17,ve-m-2,5
18,ve-m-2,6
19,ve-q-1,5
20,ve-q-1,6
21,ve-q-2,5
22,ve-q-2,6
23,ve-q-3,5
24,ve-q-3,6
25,ve-h-1,5
26,ve-h-1,6
27,ve-h-2,5
28,ve-h-2,6
29,ve-a-1,5
30,ve-a-1,6
31,ve-a-2,5
32,ve-a-2,6
33,ve-a-3,5
34,ve-a-3,6
35,ve-o-1,5
36,ve-o-1,6
37,ho-d-1,95
38,ho-d-1,96
39,ho-d-1,97
40,ho-d-1,98
41,ho-d-1,99
42,ho-d-1,100
43,ho-d-1,101
44,ho-d-2,95
45,ho-d-2,96
46,ho-d-2,97
47,ho-d-2,98
48,ho-d-2,99
49,ho-d-2,100
50,ho-d-2,101
51,ho-d-3,95
52,ho-d-3,96
53,ho-d-3,97
54,ho-d-3,98
55,ho-d-3,99
56,ho-d-3,100
57,ho-d-3,101
58,ho-d-4,95
59,ho-d-4,96
60,ho-d-4,97
61,ho-d-4,98
62,ho-d-4,99
63,ho-d-4,100
64,ho-d-4,101
65,ho-w-1,95
66,ho-w-1,96
67,ho-w-1,97
68,ho-w-1,98
69,ho-w-1,99
70,ho-w-1,100
71,ho-w-1,101
72,ho-w-2,95
73,ho-w-2,96
74,ho-w-2,97
75,ho-w-2,98
76,ho-w-2,99
77,ho-w-2,100
78,ho-w-2,101
79,ho-m-1,95
80,ho-m-1,96
81,ho-m-1,97
82,ho-m-1,98
83,ho-m-1,99
84,ho-m-1,100
85,ho-m-1,101
86,ho-m-2,95
87,ho-m-2,96
88,ho-m-2,97
89,ho-m-2,98
90,ho-m-2,99
91,ho-m-2,100
92,ho-m-2,101
93,ho-m-3,95
94,ho-m-3,96
95,ho-m-3,97
96,ho-m-3,98
97,ho-m-3,99
98,ho-m-3,100
99,ho-m-3,101
100,ho-q-1,95
101,ho-q-1,96
102,ho-q-1,97
103,ho-q-1,98
104,ho-q-1,99
105,ho-q-1,100
106,ho-q-1,101
107,ho-q-2,95
108,ho-q-2,96
109,ho-q-2,97
110,ho-q-2,98
111,ho-q-2,99
112,ho-q-2,100
113,ho-q-2,101
114,ho-q-3,95
115,ho-q-3,96
116,ho-q-3,97
117,ho-q-3,98
118,ho-q-3,99
119,ho-q-3,100
120,ho-q-3,101
121,ho-h-1,95
122,ho-h-1,96
123,ho-h-1,97
124,ho-h-1,98
125,ho-h-1,99
126,ho-h-1,100
127,ho-h-1,101
128,ho-h-2,95
129,ho-h-2,96
130,ho-h-2,97
131,ho-h-2,98
132,ho-h-2,99
133,ho-h-2,100
134,ho-h-2,101
135,ho-a-1,95
136,ho-a-1,96
137,ho-a-1,97
138,ho-a-1,98
139,ho-a-1,99
140,ho-a-1,100
141,ho-a-1,101
142,ho-a-2,95
143,ho-a-2,96
144,ho-a-2,97
145,ho-a-2,98
146,ho-a-2,99
147,ho-a-2,100
148,ho-a-2,101
149,ho-a-3,95
150,ho-a-3,96
151,ho-a-3,97
152,ho-a-3,98
153,ho-a-3,99
154,ho-a-3,100
155,ho-a-3,101
156,ho-o-1,95
157,ho-o-1,96
158,ho-o-1,97
159,ho-o-1,98
160,ho-o-1,99
161,ho-o-1,100
162,ho-o-1,101
163,ho-o-2,95
164,ho-o-2,96
165,ho-o-2,97
166,ho-o-2,98
167,ho-o-2,99
168,ho-o-2,100
169,ho-o-2,101
170,ho-o-3,95
171,ho-o-3,96
172,ho-o-3,97
173,ho-o-3,98
174,ho-o-3,99
175,ho-o-3,100
176,ho-o-3,101
177,ra-d-1,1
178,ra-d-1,2
179,ra-d-1,3
180,ra-d-1,4
181,ra-d-1,11
182,ra-d-1,12
183,ra-d-1,13
184,ra-d-1,14
185,ra-d-1,17
186,ra-d-1,18
187,ra-d-1,19
188,ra-d-1,28
189,ra-d-1,29
190,ra-d-1,30
191,ra-d-1,31
192,ra-d-1,49
193,ra-d-1,50
194,ra-d-1,51
195,ra-d-1,52
196,ra-d-1,57
197,ra-d-1,58
198,ra-d-1,59
199,ra-d-1,60
200,ra-d-1,63
201,ra-d-1,64
202,ra-d-1,65
203,ra-d-1,74
204,ra-d-1,75
205,ra-d-1,76
206,ra-d-1,77
207,ra-d-2,1
208,ra-d-2,2
209,ra-d-2,3
210,ra-d-2,4
211,ra-d-2,11
212,ra-d-2,12
213,ra-d-2,13
214,ra-d-2,14
215,ra-d-2,17
216,ra-d-2,18
217,ra-d-2,19
218,ra-d-2,28
219,ra-d-2,29
220,ra-d-2,30
221,ra-d-2,31
222,ra-d-2,49
223,ra-d-2,50
224,ra-d-2,51
225,ra-d-2,52
226,ra-d-2,57
227,ra-d-2,58
228,ra-d-2,59
229,ra-d-2,60
230,ra-d-2,63
231,ra-d-2,64
232,ra-d-2,65
233,ra-d-2,74
234,ra-d-2,75
235,ra-d-2,76
236,ra-d-2,78
237,ra-d-3,1
238,ra-d-3,2
239,ra-d-3,3
240,ra-d-3,4
241,ra-d-3,11
242,ra-d-3,12
243,ra-d-3,13
244,ra-d-3,14
245,ra-d-3,17
246,ra-d-3,18
247,ra-d-3,19
248,ra-d-3,28
249,ra-d-3,29
250,ra-d-3,30
251,ra-d-3,31
252,ra-d-3,49
253,ra-d-3,50
254,ra-d-3,51
255,ra-d-3,52
256,ra-d-3,57
257,ra-d-3,58
258,ra-d-3,59
259,ra-d-3,60
260,ra-d-3,63
261,ra-d-3,64
262,ra-d-3,65
263,ra-d-3,74
264,ra-d-3,75
265,ra-d-3,76
266,ra-d-3,79
267,ra-w-1,1
268,ra-w-1,2
269,ra-w-1,3
270,ra-w-1,4
271,ra-w-1,11
272,ra-w-1,12
273,ra-w-1,13
274,ra-w-1,14
275,ra-w-1,17
276,ra-w-1,18
277,ra-w-1,19
278,ra-w-1,28
279,ra-w-1,29
280,ra-w-1,30
281,ra-w-1,31
282,ra-w-1,49
283,ra-w-1,50
284,ra-w-1,51
285,ra-w-1,52
286,ra-w-1,57
287,ra-w-1,58
288,ra-w-1,59
289,ra-w-1,60
290,ra-w-1,63
291,ra-w-1,64
292,ra-w-1,65
293,ra-w-1,74
294,ra-w-1,75
295,ra-w-1,76
296,ra-w-1,80
297,ra-w-2,1
298,ra-w-2,2
299,ra-w-2,3
300,ra-w-2,4
301,ra-w-2,11
302,ra-w-2,12
303,ra-w-2,13
304,ra-w-2,14
305,ra-w-2,17
306,ra-w-2,18
307,ra-w-2,19
308,ra-w-2,28
309,ra-w-2,29
310,ra-w-2,30
311,ra-w-2,31
312,ra-w-2,49
313,ra-w-2,50
314,ra-w-2,51
315,ra-w-2,52
316,ra-w-2,57
317,ra-w-2,58
318,ra-w-2,59
319,ra-w-2,60
320,ra-w-2,63
321,ra-w-2,64
322,ra-w-2,65
323,ra-w-2,74
324,ra-w-2,75
325,ra-w-2,76
326,ra-w-2,81
327,ra-w-3,1
328,ra-w-3,2
329,ra-w-3,3
330,ra-w-3,4
331,ra-w-3,11
332,ra-w-3,12
333,ra-w-3,13
334,ra-w-3,14
335,ra-w-3,17
336,ra-w-3,18
337,ra-w-3,19
338,ra-w-3,28
339,ra-w-3,29
340,ra-w-3,30
341,ra-w-3,31
342,ra-w-3,49
343,ra-w-3,50
344,ra-w-3,51
345,ra-w-3,52
346,ra-w-3,57
347,ra-w-3,58
348,ra-w-3,59
349,ra-w-3,60
350,ra-w-3,63
351,ra-w-3,64
352,ra-w-3,65
353,ra-w-3,74
354,ra-w-3,75
355,ra-w-3,76
356,ra-w-3,82
357,ra-m-1,1
358,ra-m-1,2
359,ra-m-1,3
360,ra-m-1,4
361,ra-m-1,11
362,ra-m-1,12
363,ra-m-1,13
364,ra-m-1,14
365,ra-m-1,17
366,ra-m-1,18
367,ra-m-1,19
368,ra-m-1,28
369,ra-m-1,29
370,ra-m-1,30
371,ra-m-1,31
372,ra-m-1,49
373,ra-m-1,50
374,ra-m-1,51
375,ra-m-1,52
376,ra-m-1,57
377,ra-m-1,58
378,ra-m-1,59
379,ra-m-1,60
380,ra-m-1,63
381,ra-m-1,64
382,ra-m-1,65
383,ra-m-1,74
384,ra-m-1,75
385,ra-m-1,76
386,ra-m-1,83
387,ra-m-2,1
388,ra-m-2,2
389,ra-m-2,3
390,ra-m-2,4
391,ra-m-2,11
392,ra-m-2,12
393,ra-m-2,13
394,ra-m-2,14
395,ra-m-2,17
396,ra-m-2,18
397,ra-m-2,19
398,ra-m-2,28
399,ra-m-2,29
400,ra-m-2,30
401,ra-m-2,31
402,ra-m-2,49
403,ra-m-2,50
404,ra-m-2,51
405,ra-m-2,52
406,ra-m-2,57
407,ra-m-2,58
408,ra-m-2,59
409,ra-m-2,60
410,ra-m-2,63
411,ra-m-2,64
412,ra-m-2,65
413,ra-m-2,74
414,ra-m-2,75
415,ra-m-2,76
416,ra-m-2,84
417,ra-q-1,1
418,ra-q-1,2
419,ra-q-1,3
420,ra-q-1,4
421,ra-q-1,11
422,ra-q-1,12
423,ra-q-1,13
424,ra-q-1,14
425,ra-q-1,17
426,ra-q-1,18
427,ra-q-1,19
428,ra-q-1,28
429,ra-q-1,29
430,ra-q-1,30
431,ra-q-1,31
432,ra-q-1,49
433,ra-q-1,50
434,ra-q-1,51
435,ra-q-1,52
436,ra-q-1,57
437,ra-q-1,58
438,ra-q-1,59
439,ra-q-1,60
440,ra-q-1,63
441,ra-q-1,64
442,ra-q-1,65
443,ra-q-1,74
444,ra-q-1,75
445,ra-q-1,76
446,ra-q-1,85
447,ra-q-2,1
448,ra-q-2,2
449,ra-q-2,3
450,ra-q-2,4
451,ra-q-2,11
452,ra-q-2,12
453,ra-q-2,13
454,ra-q-2,14
455,ra-q-2,17
456,ra-q-2,18
457,ra-q-2,19
458,ra-q-2,28
459,ra-q-2,29
460,ra-q-2,30
461,ra-q-2,31
462,ra-q-2,49
463,ra-q-2,50
464,ra-q-2,51
465,ra-q-2,52
466,ra-q-2,57
467,ra-q-2,58
468,ra-q-2,59
469,ra-q-2,60
470,ra-q-2,63
471,ra-q-2,64
472,ra-q-2,65
473,ra-q-2,74
474,ra-q-2,75
475,ra-q-2,76
476,ra-q-2,86
477,ra-q-3,1
478,ra-q-3,2
479,ra-q-3,3
480,ra-q-3,4
481,ra-q-3,11
482,ra-q-3,12
483,ra-q-3,13
484,ra-q-3,14
485,ra-q-3,17
486,ra-q-3,18
487,ra-q-3,19
488,ra-q-3,28
489,ra-q-3,29
490,ra-q-3,30
491,ra-q-3,31
492,ra-q-3,49
493,ra-q-3,50
494,ra-q-3,51
495,ra-q-3,52
496,ra-q-3,57
497,ra-q-3,58
498,ra-q-3,59
499,ra-q-3,60
500,ra-q-3,63
501,ra-q-3,64
502,ra-q-3,65
503,ra-q-3,74
504,ra-q-3,75
505,ra-q-3,76
506,ra-q-3,87
507,ra-h-1,1
508,ra-h-1,2
509,ra-h-1,3
510,ra-h-1,4
511,ra-h-1,11
512,ra-h-1,12
513,ra-h-1,13
514,ra-h-1,14
515,ra-h-1,17
516,ra-h-1,18
517,ra-h-1,19
518,ra-h-1,28
519,ra-h-1,29
520,ra-h-1,30
521,ra-h-1,31
522,ra-h-1,49
523,ra-h-1,50
524,ra-h-1,51
525,ra-h-1,52
526,ra-h-1,57
527,ra-h-1,58
528,ra-h-1,59
529,ra-h-1,60
530,ra-h-1,63
531,ra-h-1,64
532,ra-h-1,65
533,ra-h-1,74
534,ra-h-1,75
535,ra-h-1,76
536,ra-h-1,88
537,ra-a-1,1
538,ra-a-1,2
539,ra-a-1,3
540,ra-a-1,4
541,ra-a-1,11
542,ra-a-1,12
543,ra-a-1,13
544,ra-a-1,14
545,ra-a-1,17
546,ra-a-1,18
547,ra-a-1,19
548,ra-a-1,28
549,ra-a-1,29
550,ra-a-1,30
551,ra-a-1,31
552,ra-a-1,49
553,ra-a-1,50
554,ra-a-1,51
555,ra-a-1,52
556,ra-a-1,57
557,ra-a-1,58
558,ra-a-1,59
559,ra-a-1,60
560,ra-a-1,63
561,ra-a-1,64
562,ra-a-1,65
563,ra-a-1,74
564,ra-a-1,75
565,ra-a-1,76
566,ra-a-1,89
567,ra-a-2,1
568,ra-a-2,2
569,ra-a-2,3
570,ra-a-2,4
571,ra-a-2,11
572,ra-a-2,12
573,ra-a-2,13
574,ra-a-2,14
575,ra-a-2,17
576,ra-a-2,18
577,ra-a-2,19
578,ra-a-2,28
579,ra-a-2,29
580,ra-a-2,30
581,ra-a-2,31
582,ra-a-2,49
583,ra-a-2,50
584,ra-a-2,51
585,ra-a-2,52
586,ra-a-2,57
587,ra-a-2,58
588,ra-a-2,59
589,ra-a-2,60
590,ra-a-2,63
591,ra-a-2,64
592,ra-a-2,65
593,ra-a-2,74
594,ra-a-2,75
595,ra-a-2,76
596,ra-a-2,90
597,ra-a-3,1
598,ra-a-3,2
599,ra-a-3,3
600,ra-a-3,4
601,ra-a-3,11
602,ra-a-3,12
603,ra-a-3,13
604,ra-a-3,14
605,ra-a-3,17
606,ra-a-3,18
607,ra-a-3,19
608,ra-a-3,28
609,ra-a-3,29
610,ra-a-3,30
611,ra-a-3,31
612,ra-a-3,49
613,ra-a-3,50
614,ra-a-3,51
615,ra-a-3,52
616,ra-a-3,57
617,ra-a-3,58
618,ra-a-3,59
619,ra-a-3,60
620,ra-a-3,63
621,ra-a-3,64
622,ra-a-3,65
623,ra-a-3,74
624,ra-a-3,75
625,ra-a-3,76
626,ra-a-3,91
627,ra-o-1,1
628,ra-o-1,2
629,ra-o-1,3
630,ra-o-1,4
631,ra-o-1,11
632,ra-o-1,12
633,ra-o-1,13
634,ra-o-1,14
635,ra-o-1,17
636,ra-o-1,18
637,ra-o-1,19
638,ra-o-1,28
639,ra-o-1,29
640,ra-o-1,30
641,ra-o-1,31
642,ra-o-1,49
643,ra-o-1,50
644,ra-o-1,51
645,ra-o-1,52
646,ra-o-1,57
647,ra-o-1,58
648,ra-o-1,59
649,ra-o-1,60
650,ra-o-1,63
651,ra-o-1,64
652,ra-o-1,65
653,ra-o-1,74
654,ra-o-1,75
655,ra-o-1,76
656,ra-o-1,92
657,ra-o-2,1
658,ra-o-2,2
659,ra-o-2,3
660,ra-o-2,4
661,ra-o-2,11
662,ra-o-2,12
663,ra-o-2,13
664,ra-o-2,14
665,ra-o-2,17
666,ra-o-2,18
667,ra-o-2,19
668,ra-o-2,28
669,ra-o-2,29
670,ra-o-2,30
671,ra-o-2,31
672,ra-o-2,49
673,ra-o-2,50
674,ra-o-2,51
675,ra-o-2,52
676,ra-o-2,57
677,ra-o-2,58
678,ra-o-2,59
679,ra-o-2,60
680,ra-o-2,63
681,ra-o-2,64
682,ra-o-2,65
683,ra-o-2,74
684,ra-o-2,75
685,ra-o-2,76
686,ra-o-2,93
687,dc-d-1,7
688,dc-d-1,8
689,dc-d-1,9
690,dc-d-1,10
691,dc-d-1,53
692,dc-d-1,54
693,dc-d-1,55
694,dc-d-1,56
695,dc-d-1,61
696,dc-d-1,62
697,dc-d-2,7
698,dc-d-2,8
699,dc-d-2,9
700,dc-d-2,10
701,dc-d-2,53
702,dc-d-2,54
703,dc-d-2,55
704,dc-d-2,56
705,dc-d-2,61
706,dc-d-2,63
707,dc-d-3,7
708,dc-d-3,8
709,dc-d-3,9
710,dc-d-3,10
711,dc-d-3,53
712,dc-d-3,54
713,dc-d-3,55
714,dc-d-3,56
715,dc-d-3,61
716,dc-d-3,64
717,dc-w-1,7
718,dc-w-1,8
719,dc-w-1,9
720,dc-w-1,10
721,dc-w-1,53
722,dc-w-1,54
723,dc-w-1,55
724,dc-w-1,56
725,dc-w-1,61
726,dc-w-1,65
727,dc-w-2,7
728,dc-w-2,8
729,dc-w-2,9
730,dc-w-2,10
731,dc-w-2,53
732,dc-w-2,54
733,dc-w-2,55
734,dc-w-2,56
735,dc-w-2,61
736,dc-w-2,66
737,dc-m-1,7
738,dc-m-1,8
739,dc-m-1,9
740,dc-m-1,10
741,dc-m-1,53
742,dc-m-1,54
743,dc-m-1,55
744,dc-m-1,56
745,dc-m-1,61
746,dc-m-1,67
747,dc-m-2,7
748,dc-m-2,8
749,dc-m-2,9
750,dc-m-2,10
751,dc-m-2,53
752,dc-m-2,54
753,dc-m-2,55
754,dc-m-2,56
755,dc-m-2,61
756,dc-m-2,68
757,dc-m-3,7
758,dc-m-3,8
759,dc-m-3,9
760,dc-m-3,10
761,dc-m-3,53
762,dc-m-3,54
763,dc-m-3,55
764,dc-m-3,56
765,dc-m-3,61
766,dc-m-3,69
767,dc-q-1,7
768,dc-q-1,8
769,dc-q-1,9
770,dc-q-1,10
771,dc-q-1,53
772,dc-q-1,54
773,dc-q-1,55
774,dc-q-1,56
775,dc-q-1,61
776,dc-q-1,70
777,dc-q-2,7
778,dc-q-2,8
779,dc-q-2,9
780,dc-q-2,10
781,dc-q-2,53
782,dc-q-2,54
783,dc-q-2,55
784,dc-q-2,56
785,dc-q-2,61
786,dc-q-2,71
787,dc-h-1,7
788,dc-h-1,8
789,dc-h-1,9
790,dc-h-1,10
791,dc-h-1,53
792,dc-h-1,54
793,dc-h-1,55
794,dc-h-1,56
795,dc-h-1,61
796,dc-h-1,72
797,dc-a-1,7
798,dc-a-1,8
799,dc-a-1,9
800,dc-a-1,10
801,dc-a-1,53
802,dc-a-1,54
803,dc-a-1,55
804,dc-a-1,56
805,dc-a-1,61
806,dc-a-1,73
807,dc-a-2,7
808,dc-a-2,8
809,dc-a-2,9
810,dc-a-2,10
811,dc-a-2,53
812,dc-a-2,54
813,dc-a-2,55
814,dc-a-2,56
815,dc-a-2,61
816,dc-a-2,74
817,dc-o-1,7
818,dc-o-1,8
819,dc-o-1,9
820,dc-o-1,10
821,dc-o-1,53
822,dc-o-1,54
823,dc-o-1,55
824,dc-o-1,56
825,dc-o-1,61
826,dc-o-1,75
827,dc-o-2,7
828,dc-o-2,8
829,dc-o-2,9
830,dc-o-2,10
831,dc-o-2,53
832,dc-o-2,54
833,dc-o-2,55
834,dc-o-2,56
835,dc-o-2,61
836,dc-o-2,76
837,do-d-1,20
838,do-d-1,21
839,do-d-1,66
840,do-d-1,67
841,do-d-2,20
842,do-d-2,21
843,do-d-2,66
844,do-d-2,68
845,do-d-3,20
846,do-d-3,21
847,do-d-3,66
848,do-d-3,69
849,do-w-1,20
850,do-w-1,21
851,do-w-1,66
852,do-w-1,70
853,do-w-2,20
854,do-w-2,21
855,do-w-2,66
856,do-w-2,71
857,do-m-1,20
858,do-m-1,21
859,do-m-1,66
860,do-m-1,72
861,do-m-2,20
862,do-m-2,21
863,do-m-2,66
864,do-m-2,73
865,do-q-1,20
866,do-q-1,21
867,do-q-1,66
868,do-q-1,74
869,do-q-2,20
870,do-q-2,21
871,do-q-2,66
872,do-q-2,75
873,do-h-1,20
874,do-h-1,21
875,do-h-1,66
876,do-h-1,76
877,do-h-2,20
878,do-h-2,21
879,do-h-2,66
880,do-h-2,77
881,do-a-1,20
882,do-a-1,21
883,do-a-1,66
884,do-a-1,78
885,do-a-2,20
886,do-a-2,21
887,do-a-2,66
888,do-a-2,79
889,do-o-1,20
890,do-o-1,21
891,do-o-1,66
892,do-o-1,80
893,do-o-2,20
894,do-o-2,21
895,do-o-2,66
896,do-o-2,81
897,id-d-1,22
898,id-d-1,23
899,id-d-1,68
900,id-d-1,69
901,id-d-2,22
902,id-d-2,23
903,id-d-2,68
904,id-d-2,70
905,id-d-3,22
906,id-d-3,23
907,id-d-3,68
908,id-d-3,71
909,id-w-1,22
910,id-w-1,23
911,id-w-1,68
912,id-w-1,72
913,id-w-2,22
914,id-w-2,23
915,id-w-2,68
916,id-w-2,73
917,id-m-1,22
918,id-m-1,23
919,id-m-1,68
920,id-m-1,74
921,id-m-2,22
922,id-m-2,23
923,id-m-2,68
924,id-m-2,75
925,id-q-1,22
926,id-q-1,23
927,id-q-1,68
928,id-q-1,76
929,id-q-2,22
930,id-q-2,23
931,id-q-2,68
932,id-q-2,77
933,id-q-3,22
934,id-q-3,23
935,id-q-3,68
936,id-q-3,78
937,id-h-1,22
938,id-h-1,23
939,id-h-1,68
940,id-h-1,79
941,id-h-2,22
942,id-h-2,23
943,id-h-2,68
944,id-h-2,80
945,id-a-1,22
946,id-a-1,23
947,id-a-1,68
948,id-a-1,81
949,id-a-2,22
950,id-a-2,23
951,id-a-2,68
952,id-a-2,82
953,id-a-3,22
954,id-a-3,23
955,id-a-3,68
956,id-a-3,83
957,id-o-1,22
958,id-o-1,23
959,id-o-1,68
960,id-o-1,84
961,id-o-2,22
962,id-o-2,23
963,id-o-2,68
964,id-o-2,85
965,pa-d-1,24
966,pa-d-1,25
967,pa-d-1,70
968,pa-d-1,71
969,pa-d-2,24
970,pa-d-2,25
971,pa-d-2,70
972,pa-d-2,72
973,pa-d-3,24
974,pa-d-3,25
975,pa-d-3,70
976,pa-d-3,73
977,pa-d-4,24
978,pa-d-4,25
979,pa-d-4,70
980,pa-d-4,74
981,pa-w-1,24
982,pa-w-1,25
983,pa-w-1,70
984,pa-w-1,75
985,pa-w-2,24
986,pa-w-2,25
987,pa-w-2,70
988,pa-w-2,76
989,pa-m-1,24
990,pa-m-1,25
991,pa-m-1,70
992,pa-m-1,77
993,pa-m-2,24
994,pa-m-2,25
995,pa-m-2,70
996,pa-m-2,78
997,pa-q-1,24
998,pa-q-1,25
999,pa-q-1,70
1000,pa-q-1,79
1001,pa-q-2,24
1002,pa-q-2,25
1003,pa-q-2,70
1004,pa-q-2,80
1005,pa-h-1,24
1006,pa-h-1,25
1007,pa-h-1,70
1008,pa-h-1,81
1009,pa-h-2,24
1010,pa-h-2,25
1011,pa-h-2,70
1012,pa-h-2,82
1013,pa-a-1,24
1014,pa-a-1,25
1015,pa-a-1,70
1016,pa-a-1,83
1017,pa-a-2,24
1018,pa-a-2,25
1019,pa-a-2,70
1020,pa-a-2,84
1021,pa-a-3,24
1022,pa-a-3,25
1023,pa-a-3,70
1024,pa-a-3,85
1025,pa-o-1,24
1026,pa-o-1,25
1027,pa-o-1,70
1028,pa-o-1,86
1029,pa-o-2,24
1030,pa-o-2,25
1031,pa-o-2,70
1032,pa-o-2,87
1033,sa-d-1,26
1034,sa-d-1,27
1035,sa-d-1,73
1036,sa-d-1,73
1037,sa-d-2,26
1038,sa-d-2,27
1039,sa-d-2,73
1040,sa-d-2,74
1041,sa-d-3,26
1042,sa-d-3,27
1043,sa-d-3,73
1044,sa-d-3,75
1045,sa-d-4,26
1046,sa-d-4,27
1047,sa-d-4,73
1048,sa-d-4,76
1049,sa-w-1,26
1050,sa-w-1,27
1051,sa-w-1,73
1052,sa-w-1,77
1053,sa-w-2,26
1054,sa-w-2,27
1055,sa-w-2,73
1056,sa-w-2,78
1057,sa-m-1,26
1058,sa-m-1,27
1059,sa-m-1,73
1060,sa-m-1,79
1061,sa-m-2,26
1062,sa-m-2,27
1063,sa-m-2,73
1064,sa-m-2,80
1065,sa-q-1,26
1066,sa-q-1,27
1067,sa-q-1,73
1068,sa-q-1,81
1069,sa-q-2,26
1070,sa-q-2,27
1071,sa-q-2,73
1072,sa-q-2,82
1073,sa-h-1,26
1074,sa-h-1,27
1075,sa-h-1,73
1076,sa-h-1,83
1077,sa-h-2,26
1078,sa-h-2,27
1079,sa-h-2,73
1080,sa-h-2,84
1081,sa-a-1,26
1082,sa-a-1,27
1083,sa-a-1,73
1084,sa-a-1,85
1085,sa-a-2,26
1086,sa-a-2,27
1087,sa-a-2,73
1088,sa-a-2,86
1089,sa-a-3,26
1090,sa-a-3,27
1091,sa-a-3,73
1092,sa-a-3,87
1093,sa-o-1,26
1094,sa-o-1,27
1095,sa-o-1,73
1096,sa-o-1,88
1097,sa-o-2,26
1098,sa-o-2,27
1099,sa-o-2,73
1100,sa-o-2,89
1101,lo-d-1,35
1102,lo-d-1,36
1103,lo-d-1,37
1104,lo-d-1,38
1105,lo-d-1,39
1106,lo-d-1,40
1107,lo-d-1,41
1108,lo-d-1,42
1109,lo-d-1,43
1110,lo-d-1,44
1111,lo-d-1,45
1112,lo-d-1,46
1113,lo-d-1,47
1114,lo-d-1,81
1115,lo-d-1,82
1116,lo-d-1,83
1117,lo-d-1,84
1118,lo-d-1,85
1119,lo-d-1,86
1120,lo-d-1,87
1121,lo-d-1,88
1122,lo-d-1,89
1123,lo-d-1,90
1124,lo-d-1,91
1125,lo-d-1,92
1126,lo-d-1,93
1127,lo-d-1,94
1128,lo-d-1,113
1129,lo-d-1,114
1130,lo-d-2,35
1131,lo-d-2,36
1132,lo-d-2,37
1133,lo-d-2,38
1134,lo-d-2,39
1135,lo-d-2,40
1136,lo-d-2,41
1137,lo-d-2,42
1138,lo-d-2,43
1139,lo-d-2,44
1140,lo-d-2,45
1141,lo-d-2,46
1142,lo-d-2,47
1143,lo-d-2,81
1144,lo-d-2,82
1145,lo-d-2,83
1146,lo-d-2,84
1147,lo-d-2,85
1148,lo-d-2,86
1149,lo-d-2,87
1150,lo-d-2,88
1151,lo-d-2,89
1152,lo-d-2,90
1153,lo-d-2,91
1154,lo-d-2,92
1155,lo-d-2,93
1156,lo-d-2,94
1157,lo-d-2,113
1158,lo-d-2,115
1159,lo-d-3,35
1160,lo-d-3,36
1161,lo-d-3,37
1162,lo-d-3,38
1163,lo-d-3,39
1164,lo-d-3,40
1165,lo-d-3,41
1166,lo-d-3,42
1167,lo-d-3,43
1168,lo-d-3,44
1169,lo-d-3,45
1170,lo-d-3,46
1171,lo-d-3,47
1172,lo-d-3,81
1173,lo-d-3,82
1174,lo-d-3,83
1175,lo-d-3,84
1176,lo-d-3,85
1177,lo-d-3,86
1178,lo-d-3,87
1179,lo-d-3,88
1180,lo-d-3,89
1181,lo-d-3,90
1182,lo-d-3,91
1183,lo-d-3,92
1184,lo-d-3,93
1185,lo-d-3,94
1186,lo-d-3,113
1187,lo-d-3,116
1188,lo-w-1,35
1189,lo-w-1,36
1190,lo-w-1,37
1191,lo-w-1,38
1192,lo-w-1,39
1193,lo-w-1,40
1194,lo-w-1,41
1195,lo-w-1,42
1196,lo-w-1,43
1197,lo-w-1,44
1198,lo-w-1,45
1199,lo-w-1,46
1200,lo-w-1,47
1201,lo-w-1,81
1202,lo-w-1,82
1203,lo-w-1,83
1204,lo-w-1,84
1205,lo-w-1,85
1206,lo-w-1,86
1207,lo-w-1,87
1208,lo-w-1,88
1209,lo-w-1,89
1210,lo-w-1,90
1211,lo-w-1,91
1212,lo-w-1,92
1213,lo-w-1,93
1214,lo-w-1,94
1215,lo-w-1,113
1216,lo-w-1,117
1217,lo-w-2,35
1218,lo-w-2,36
1219,lo-w-2,37
1220,lo-w-2,38
1221,lo-w-2,39
1222,lo-w-2,40
1223,lo-w-2,41
1224,lo-w-2,42
1225,lo-w-2,43
1226,lo-w-2,44
1227,lo-w-2,45
1228,lo-w-2,46
1229,lo-w-2,47
1230,lo-w-2,81
1231,lo-w-2,82
1232,lo-w-2,83
1233,lo-w-2,84
1234,lo-w-2,85
1235,lo-w-2,86
1236,lo-w-2,87
1237,lo-w-2,88
1238,lo-w-2,89
1239,lo-w-2,90
1240,lo-w-2,91
1241,lo-w-2,92
1242,lo-w-2,93
1243,lo-w-2,94
1244,lo-w-2,113
1245,lo-w-2,118
1246,lo-w-3,35
1247,lo-w-3,36
1248,lo-w-3,37
1249,lo-w-3,38
1250,lo-w-3,39
1251,lo-w-3,40
1252,lo-w-3,41
1253,lo-w-3,42
1254,lo-w-3,43
1255,lo-w-3,44
1256,lo-w-3,45
1257,lo-w-3,46
1258,lo-w-3,47
1259,lo-w-3,81
1260,lo-w-3,82
1261,lo-w-3,83
1262,lo-w-3,84
1263,lo-w-3,85
1264,lo-w-3,86
1265,lo-w-3,87
1266,lo-w-3,88
1267,lo-w-3,89
1268,lo-w-3,90
1269,lo-w-3,91
1270,lo-w-3,92
1271,lo-w-3,93
1272,lo-w-3,94
1273,lo-w-3,113
1274,lo-w-3,119
1275,lo-m-1,35
1276,lo-m-1,36
1277,lo-m-1,37
1278,lo-m-1,38
1279,lo-m-1,39
1280,lo-m-1,40
1281,lo-m-1,41
1282,lo-m-1,42
1283,lo-m-1,43
1284,lo-m-1,44
1285,lo-m-1,45
1286,lo-m-1,46
1287,lo-m-1,47
1288,lo-m-1,81
1289,lo-m-1,82
1290,lo-m-1,83
1291,lo-m-1,84
1292,lo-m-1,85
1293,lo-m-1,86
1294,lo-m-1,87
1295,lo-m-1,88
1296,lo-m-1,89
1297,lo-m-1,90
1298,lo-m-1,91
1299,lo-m-1,92
1300,lo-m-1,93
1301,lo-m-1,94
1302,lo-m-1,113
1303,lo-m-1,120
1304,lo-m-2,35
1305,lo-m-2,36
1306,lo-m-2,37
1307,lo-m-2,38
1308,lo-m-2,39
1309,lo-m-2,40
1310,lo-m-2,41
1311,lo-m-2,42
1312,lo-m-2,43
1313,lo-m-2,44
1314,lo-m-2,45
1315,lo-m-2,46
1316,lo-m-2,47
1317,lo-m-2,81
1318,lo-m-2,82
1319,lo-m-2,83
1320,lo-m-2,84
1321,lo-m-2,85
1322,lo-m-2,86
1323,lo-m-2,87
1324,lo-m-2,88
1325,lo-m-2,89
1326,lo-m-2,90
1327,lo-m-2,91
1328,lo-m-2,92
1329,lo-m-2,93
1330,lo-m-2,94
1331,lo-m-2,113
1332,lo-m-2,121
1333,lo-q-1,35
1334,lo-q-1,36
1335,lo-q-1,37
1336,lo-q-1,38
1337,lo-q-1,39
1338,lo-q-1,40
1339,lo-q-1,41
1340,lo-q-1,42
1341,lo-q-1,43
1342,lo-q-1,44
1343,lo-q-1,45
1344,lo-q-1,46
1345,lo-q-1,47
1346,lo-q-1,81
1347,lo-q-1,82
1348,lo-q-1,83
1349,lo-q-1,84
1350,lo-q-1,85
1351,lo-q-1,86
1352,lo-q-1,87
1353,lo-q-1,88
1354,lo-q-1,89
1355,lo-q-1,90
1356,lo-q-1,91
1357,lo-q-1,92
1358,lo-q-1,93
1359,lo-q-1,94
1360,lo-q-1,113
1361,lo-q-1,122
1362,lo-q-2,35
1363,lo-q-2,36
1364,lo-q-2,37
1365,lo-q-2,38
1366,lo-q-2,39
1367,lo-q-2,40
1368,lo-q-2,41
1369,lo-q-2,42
1370,lo-q-2,43
1371,lo-q-2,44
1372,lo-q-2,45
1373,lo-q-2,46
1374,lo-q-2,47
1375,lo-q-2,81
1376,lo-q-2,82
1377,lo-q-2,83
1378,lo-q-2,84
1379,lo-q-2,85
1380,lo-q-2,86
1381,lo-q-2,87
1382,lo-q-2,88
1383,lo-q-2,89
1384,lo-q-2,90
1385,lo-q-2,91
1386,lo-q-2,92
1387,lo-q-2,93
1388,lo-q-2,94
1389,lo-q-2,113
1390,lo-q-2,123
1391,lo-h-1,35
1392,lo-h-1,36
1393,lo-h-1,37
1394,lo-h-1,38
1395,lo-h-1,39
1396,lo-h-1,40
1397,lo-h-1,41
1398,lo-h-1,42
1399,lo-h-1,43
1400,lo-h-1,44
1401,lo-h-1,45
1402,lo-h-1,46
1403,lo-h-1,47
1404,lo-h-1,81
1405,lo-h-1,82
1406,lo-h-1,83
1407,lo-h-1,84
1408,lo-h-1,85
1409,lo-h-1,86
1410,lo-h-1,87
1411,lo-h-1,88
1412,lo-h-1,89
1413,lo-h-1,90
1414,lo-h-1,91
1415,lo-h-1,92
1416,lo-h-1,93
1417,lo-h-1,94
1418,lo-h-1,113
1419,lo-h-1,124
1420,lo-h-2,35
1421,lo-h-2,36
1422,lo-h-2,37
1423,lo-h-2,38
1424,lo-h-2,39
1425,lo-h-2,40
1426,lo-h-2,41
1427,lo-h-2,42
1428,lo-h-2,43
1429,lo-h-2,44
1430,lo-h-2,45
1431,lo-h-2,46
1432,lo-h-2,47
1433,lo-h-2,81
1434,lo-h-2,82
1435,lo-h-2,83
1436,lo-h-2,84
1437,lo-h-2,85
1438,lo-h-2,86
1439,lo-h-2,87
1440,lo-h-2,88
1441,lo-h-2,89
1442,lo-h-2,90
1443,lo-h-2,91
1444,lo-h-2,92
1445,lo-h-2,93
1446,lo-h-2,94
1447,lo-h-2,113
1448,lo-h-2,125
1449,lo-a-1,35
1450,lo-a-1,36
1451,lo-a-1,37
1452,lo-a-1,38
1453,lo-a-1,39
1454,lo-a-1,40
1455,lo-a-1,41
1456,lo-a-1,42
1457,lo-a-1,43
1458,lo-a-1,44
1459,lo-a-1,45
1460,lo-a-1,46
1461,lo-a-1,47
1462,lo-a-1,81
1463,lo-a-1,82
1464,lo-a-1,83
1465,lo-a-1,84
1466,lo-a-1,85
1467,lo-a-1,86
1468,lo-a-1,87
1469,lo-a-1,88
1470,lo-a-1,89
1471,lo-a-1,90
1472,lo-a-1,91
1473,lo-a-1,92
1474,lo-a-1,93
1475,lo-a-1,94
1476,lo-a-1,113
1477,lo-a-1,126
1478,lo-a-2,35
1479,lo-a-2,36
1480,lo-a-2,37
1481,lo-a-2,38
1482,lo-a-2,39
1483,lo-a-2,40
1484,lo-a-2,41
1485,lo-a-2,42
1486,lo-a-2,43
1487,lo-a-2,44
1488,lo-a-2,45
1489,lo-a-2,46
1490,lo-a-2,47
1491,lo-a-2,81
1492,lo-a-2,82
1493,lo-a-2,83
1494,lo-a-2,84
1495,lo-a-2,85
1496,lo-a-2,86
1497,lo-a-2,87
1498,lo-a-2,88
1499,lo-a-2,89
1500,lo-a-2,90
1501,lo-a-2,91
1502,lo-a-2,92
1503,lo-a-2,93
1504,lo-a-2,94
1505,lo-a-2,113
1506,lo-a-2,127
1507,lo-o-1,35
1508,lo-o-1,36
1509,lo-o-1,37
1510,lo-o-1,38
1511,lo-o-1,39
1512,lo-o-1,40
1513,lo-o-1,41
1514,lo-o-1,42
1515,lo-o-1,43
1516,lo-o-1,44
1517,lo-o-1,45
1518,lo-o-1,46
1519,lo-o-1,47
1520,lo-o-1,81
1521,lo-o-1,82
1522,lo-o-1,83
1523,lo-o-1,84
1524,lo-o-1,85
1525,lo-o-1,86
1526,lo-o-1,87
1527,lo-o-1,88
1528,lo-o-1,89
1529,lo-o-1,90
1530,lo-o-1,91
1531,lo-o-1,92
1532,lo-o-1,93
1533,lo-o-1,94
1534,lo-o-1,113
1535,lo-o-1,128
1536,lo-o-2,35
1537,lo-o-2,36
1538,lo-o-2,37
1539,lo-o-2,38
1540,lo-o-2,39
1541,lo-o-2,40
1542,lo-o-2,41
1543,lo-o-2,42
1544,lo-o-2,43
1545,lo-o-2,44
1546,lo-o-2,45
1547,lo-o-2,46
1548,lo-o-2,47
1549,lo-o-2,81
1550,lo-o-2,82
1551,lo-o-2,83
1552,lo-o-2,84
1553,lo-o-2,85
1554,lo-o-2,86
1555,lo-o-2,87
1556,lo-o-2,88
1557,lo-o-2,89
1558,lo-o-2,90
1559,lo-o-2,91
1560,lo-o-2,92
1561,lo-o-2,93
1562,lo-o-2,94
1563,lo-o-2,113
1564,lo-o-2,129
1565,ja-d-1,102
1566,ja-d-1,103
1567,ja-d-1,104
1568,ja-d-1,105
1569,ja-d-1,106
1570,ja-d-2,102
1571,ja-d-2,103
1572,ja-d-2,104
1573,ja-d-2,105
1574,ja-d-2,106
1575,ja-d-3,102
1576,ja-d-3,103
1577,ja-d-3,104
1578,ja-d-3,105
1579,ja-d-3,106
1580,ja-d-4,102
1581,ja-d-4,103
1582,ja-d-4,104
1583,ja-d-4,105
1584,ja-d-4,106
1585,ja-w-1,102
1586,ja-w-1,103
1587,ja-w-1,104
1588,ja-w-1,105
1589,ja-w-1,106
1590,ja-w-2,102
1591,ja-w-2,103
1592,ja-w-2,104
1593,ja-w-2,105
1594,ja-w-2,106
1595,ja-m-1,102
1596,ja-m-1,103
1597,ja-m-1,104
1598,ja-m-1,105
1599,ja-m-1,106
1600,ja-m-2,102
1601,ja-m-2,103
1602,ja-m-2,104
1603,ja-m-2,105
1604,ja-m-2,106
1605,ja-m-3,102
1606,ja-m-3,103
1607,ja-m-3,104
1608,ja-m-3,105
1609,ja-m-3,106
1610,ja-q-1,102
1611,ja-q-1,103
1612,ja-q-1,104
1613,ja-q-1,105
1614,ja-q-1,106
1615,ja-q-2,102
1616,ja-q-2,103
1617,ja-q-2,104
1618,ja-q-2,105
1619,ja-q-2,106
1620,ja-q-3,102
1621,ja-q-3,103
1622,ja-q-3,104
1623,ja-q-3,105
1624,ja-q-3,106
1625,ja-h-1,102
1626,ja-h-1,103
1627,ja-h-1,104
1628,ja-h-1,105
1629,ja-h-1,106
1630,ja-h-2,102
1631,ja-h-2,103
1632,ja-h-2,104
1633,ja-h-2,105
1634,ja-h-2,106
1635,ja-a-1,102
1636,ja-a-1,103
1637,ja-a-1,104
1638,ja-a-1,105
1639,ja-a-1,106
1640,ja-a-2,102
1641,ja-a-2,103
1642,ja-a-2,104
1643,ja-a-2,105
1644,ja-a-2,106
1645,ja-a-3,102
1646,ja-a-3,103
1647,ja-a-3,104
1648,ja-a-3,105
1649,ja-a-3,106
1650,ja-o-1,102
1651,ja-o-1,103
1652,ja-o-1,104
1653,ja-o-1,105
1654,ja-o-1,106
1655,ja-o-2,102
1656,ja-o-2,103
1657,ja-o-2,104
1658,ja-o-2,105
1659,ja-o-2,106
1660,ja-o-3,102
1661,ja-o-3,103
1662,ja-o-3,104
1663,ja-o-3,105
1664,ja-o-3,106
1665,oi-d-1,107
1666,oi-d-1,108
1667,oi-d-1,109
1668,oi-d-1,110
1669,oi-d-1,111
1670,oi-d-2,107
1671,oi-d-2,108
1672,oi-d-2,109
1673,oi-d-2,110
1674,oi-d-2,111
1675,oi-d-3,107
1676,oi-d-3,108
1677,oi-d-3,109
1678,oi-d-3,110
1679,oi-d-3,111
1680,oi-d-4,107
1681,oi-d-4,108
1682,oi-d-4,109
1683,oi-d-4,110
1684,oi-d-4,111
1685,oi-d-5,107
1686,oi-d-5,108
1687,oi-d-5,109
1688,oi-d-5,110
1689,oi-d-5,111
1690,oi-w-1,107
1691,oi-w-1,108
1692,oi-w-1,109
1693,oi-w-1,110
1694,oi-w-1,111
1695,oi-w-2,107
1696,oi-w-2,108
1697,oi-w-2,109
1698,oi-w-2,110
1699,oi-w-2,111
1700,oi-w-3,107
1701,oi-w-3,108
1702,oi-w-3,109
1703,oi-w-3,110
1704,oi-w-3,111
1705,oi-m-1,107
1706,oi-m-1,108
1707,oi-m-1,109
1708,oi-m-1,110
1709,oi-m-1,111
1710,oi-m-2,107
1711,oi-m-2,108
1712,oi-m-2,109
1713,oi-m-2,110
1714,oi-m-2,111
1715,oi-m-3,107
1716,oi-m-3,108
1717,oi-m-3,109
1718,oi-m-3,110
1719,oi-m-3,111
1720,oi-q-1,107
1721,oi-q-1,108
1722,oi-q-1,109
1723,oi-q-1,110
1724,oi-q-1,111
1725,oi-q-2,107
1726,oi-q-2,108
1727,oi-q-2,109
1728,oi-q-2,110
1729,oi-q-2,111
1730,oi-q-3,107
1731,oi-q-3,108
1732,oi-q-3,109
1733,oi-q-3,110
1734,oi-q-3,111
1735,oi-h-1,107
1736,oi-h-1,108
1737,oi-h-1,109
1738,oi-h-1,110
1739,oi-h-1,111
1740,oi-h-2,107
1741,oi-h-2,108
1742,oi-h-2,109
1743,oi-h-2,110
1744,oi-h-2,111
1745,oi-a-1,107
1746,oi-a-1,108
1747,oi-a-1,109
1748,oi-a-1,110
1749,oi-a-1,111
1750,oi-a-2,107
1751,oi-a-2,108
1752,oi-a-2,109
1753,oi-a-2,110
1754,oi-a-2,111
1755,oi-a-3,107
1756,oi-a-3,108
1757,oi-a-3,109
1758,oi-a-3,110
1759,oi-a-3,111
1760,oi-o-1,107
1761,oi-o-1,108
1762,oi-o-1,109
1763,oi-o-1,110
1764,oi-o-1,111
1765,oi-o-2,107
1766,oi-o-2,108
1767,oi-o-2,109
1768,oi-o-2,110
1769,oi-o-2,111
1770,oi-o-3,107
1771,oi-o-3,108
1772,oi-o-3,109
1773,oi-o-3,110
1774,oi-o-3,111
1775,ce-d-1,115
1776,ce-d-2,115
1777,ce-d-3,115
1778,ce-d-4,115
1779,ce-w-1,115
1780,ce-w-2,115
1781,ce-w-3,115
1782,ce-m-1,115
1783,ce-m-2,115
1784,ce-m-3,115
1785,ce-q-1,115
1786,ce-q-2,115
1787,ce-q-3,115
1788,ce-h-1,115
1789,ce-h-2,115
1790,ce-a-1,115
1791,ce-a-2,115
1792,ce-a-3,115
1793,ce-a-4,115
1794,ce-o-1,115
1795,ce-o-2,115
1796,ce-o-3,115
